Aspergillus niger NRRL3,1451139,TRUE,Aspergillus niger NRRL3,fungalgenomics.ca
Aureobasidium pullulans,5580,TRUE,Aureobasidium pullulans,fungalgenomics.ca
Blastocladiella emersonii,4808,TRUE,Blastocladiella emersonii,InHouse
Calcarisporiella thermophila,911321,TRUE,Calcarisporiella thermophila,fungalgenomics.ca
Candida dubliniensis CD36,573826,TRUE,Candida dubliniensis CD36,Refseq
Candida glabrata,5478,TRUE,Candida glabrata,Refseq
Candida orthopsilosis,273371,TRUE,Candida orthopsilosis,CandidaDB
Chaetomium thermophilum,209285,TRUE,Chaetomium thermophilum,fungalgenomics.ca
Cryptococcus neoformans var. neoformans B-3501A,283643,TRUE,Cryptococcus neoformans var. neoformans B-3501A,Refseq
Eremothecium cymbalariae,45285,TRUE,Eremothecium cymbalariae,Refseq
Fusarium oxysporum FOL 4287,660037,TRUE,Fusarium oxysporum FOL 4287,broad
Fusarium oxysporum NRRL 32931,660029,TRUE,Fusarium oxysporum NRRL 32931,broad
Histoplasma capsulatum,5037,TRUE,Histoplasma capsulatum,Refseq
Homolaphlyctis polyrhiza JEL 142,166479,TRUE,Homolaphlyctis polyrhiza JEL 142,JasonStajich
Kazachstania africana,432096,TRUE,Kazachstania africana,Refseq
Kazachstania naganishii,588726,TRUE,Kazachstania naganishii,EMBL
Lachancea kluyveri,4934,TRUE,Lachancea kluyveri,genolevures
Lachancea thermotolerans,381046,TRUE,Lachancea thermotolerans,Refseq
Lachancea waltii,4914,TRUE,Lachancea waltii,Nature
Lichtheimia corymbifera,42458,TRUE,Lichtheimia corymbifera,EMBL
Malbranchea cinnamomea,5041,TRUE,Malbranchea cinnamomea,fungalgenomics.ca
Meyerozyma guilliermondii,4929,TRUE,Meyerozyma guilliermondii,Refseq
Millerozyma farinosa,4920,TRUE,Millerozyma farinosa,Refseq
Crassicarpon thermophilum,225584,FALSE,Myceliophthora fergusii,fungalgenomics.ca
Corynascus sepedonium,190048,FALSE,Myceliophthora sepedonium,fungalgenomics.ca
Crassicarpon hotsonii,455373,FALSE,Myriococcum thermophilum,fungalgenomics.ca
Naumovozyma castellii,27288,TRUE,Naumovozyma castellii,Refseq
Naumovozyma dairenensis,27289,TRUE,Naumovozyma dairenensis,Refseq
Nosema apis BRL 01,1037528,TRUE,Nosema apis BRL 01,GenBank
Nosema bombycis CQ1,578461,TRUE,Nosema bombycis CQ1,GenBank
Oculimacula yallundae,86028,TRUE,Oculimacula yallundae,fungalgenomics.ca
Phanerochaete chrysosporium RP-78,273507,TRUE,Phanerochaete chrysosporium RP-78,fungalgenomics.ca
Millerozyma farinosa,4920,FALSE,Pichia sorbitophila,genolevures
Pneumocystis murina B123,1069680,TRUE,Pneumocystis murina B123,GenBank
Podospora anserina,5145,TRUE,Podospora anserina,PodosporaDB
Kalmanozyma brasiliensis,1392244,FALSE,Pseudozyma brasiliensis,GenBank
Anthracocystis flocculosa,84751,FALSE,Pseudozyma flocculosa,GenBank
Puccinia graminis,5297,TRUE,Puccinia graminis,Refseq
Pyronema omphalodes,337075,FALSE,Pyronema confluens,RuhrUni
Rasamsonia byssochlamydoides,89139,TRUE,Rasamsonia byssochlamydoides,fungalgenomics.ca
Rhizomucor miehei,4839,TRUE,Rhizomucor miehei,Zhengqiang_Jiang
Rhizomucor pusillus,4840,TRUE,Rhizomucor pusillus,fungalgenomics.ca
Rhodotorula toruloides MTCC 457,1165933,FALSE,Rhodosporidium toruloides MTCC 457,IMTECH
Saccharomyces arboricola,706196,TRUE,Saccharomyces arboricola,GenBank
Saccharomyces bayanus,4931,TRUE,Saccharomyces bayanus,YGDB
Saccharomyces uvarum,230603,FALSE,Saccharomyces bayanus var. uvarum,saccharomycessensust
Naumovozyma castellii,27288,FALSE,Saccharomyces castellii,YGDB
Saccharomyces kudriavzevii,114524,TRUE,Saccharomyces kudriavzevii,GenBank
Saccharomyces kudriavzevii ZP591,1165456,TRUE,Saccharomyces kudriavzevii ZP591,saccharomycessensust
Saccharomyces mikatae,114525,TRUE,Saccharomyces mikatae,saccharomycessensust
Saccharomyces paradoxus,27291,TRUE,Saccharomyces paradoxus,saccharomycessensust
Sclerotinia sclerotiorum,5180,TRUE,Sclerotinia sclerotiorum,Refseq
Mycothermus thermophilus,85995,FALSE,Scytalidium thermophilum,fungalgenomics.ca
Sordaria macrospora,5147,TRUE,Sordaria macrospora,RuhrUni
Spraguea lophii,51541,TRUE,Spraguea lophii,GenBank
Tetrapisispora blattae,1071379,TRUE,Tetrapisispora blattae,Refseq
Tetrapisispora phaffii,113608,TRUE,Tetrapisispora phaffii,Refseq
Thermoascus crustaceus,5088,TRUE,Thermoascus crustaceus,fungalgenomics.ca
Thermomyces dupontii,28565,TRUE,Thermomyces dupontii,fungalgenomics.ca
Thermomyces lanuginosus,5541,TRUE,Thermomyces lanuginosus,fungalgenomics.ca
Thielavia australiensis,113626,TRUE,Thielavia australiensis,fungalgenomics.ca
Torulaspora delbrueckii,4950,TRUE,Torulaspora delbrueckii,Refseq
Trachipleistophora hominis,72359,TRUE,Trachipleistophora hominis,GenBank
Trichosporon asahii var. asahii CBS 2479,1186058,TRUE,Trichosporon asahii var. asahii CBS 2479,GenBank
Trichosporon asahii var. asahii CBS 8904,1220162,TRUE,Trichosporon asahii var. asahii CBS 8904,GenBank
Ustilago hordei,120017,TRUE,Ustilago hordei,EMBL
Ustilago maydis,5270,TRUE,Ustilago maydis,Refseq
Vanderwaltozyma polyspora,36033,TRUE,Vanderwaltozyma polyspora,Refseq
Verticillium dahliae,27337,TRUE,Verticillium dahliae,broad
Vittaforma corneae ATCC 50505,993615,TRUE,Vittaforma corneae ATCC 50505,broad
Zygosaccharomyces bailii CLIB 213,1333698,TRUE,Zygosaccharomyces bailii CLIB 213,EMBL
Zygosaccharomyces bailii ISA1307,1355161,TRUE,Zygosaccharomyces bailii ISA1307,EMBL
Zygosaccharomyces rouxii,4956,TRUE,Zygosaccharomyces rouxii,Refseq
