Genus,species,,type,Synonym,other,Origin,Version,Source,NCBI Tax ID,URL
Ailuropoda,melanoleuca,,,,Panda,,,Ensembl92,9646,ftp://ftp.ensembl.org/pub/release-92/fasta/ailuropoda_melanoleuca/pep/Ailuropoda_melanoleuca.ailMel1.pep.all.fa.gz
Anas,platyrhynchos,,,,Duck,,,Ensembl92,8839,ftp://ftp.ensembl.org/pub/release-92/fasta/anas_platyrhynchos/pep/Anas_platyrhynchos.BGI_duck_1.0.pep.all.fa.gz
Anolis,carolinensis,,,,Anole lizard,,,Ensembl92,28377,ftp://ftp.ensembl.org/pub/release-92/fasta/anolis_carolinensis/pep/Anolis_carolinensis.AnoCar2.0.pep.all.fa.gz
Aotus,nancymaae,,,,Ma's night monkey,,,Ensembl92,37293,ftp://ftp.ensembl.org/pub/release-92/fasta/aotus_nancymaae/pep/Aotus_nancymaae.Anan_2.0.pep.all.fa.gz
Astyanax,mexicanus,,,,Cave fish,,,Ensembl92,7994,ftp://ftp.ensembl.org/pub/release-92/fasta/astyanax_mexicanus/pep/Astyanax_mexicanus.AstMex102.pep.all.fa.gz
Bos,taurus,,,,Cow,,,Ensembl92,9913,ftp://ftp.ensembl.org/pub/release-92/fasta/bos_taurus/pep/Bos_taurus.UMD3.1.pep.all.fa.gz
Caenorhabditis,elegans,,,,Caenorhabditis elegans,,,Ensembl92,6239,ftp://ftp.ensembl.org/pub/release-92/fasta/caenorhabditis_elegans/pep/Caenorhabditis_elegans.WBcel235.pep.all.fa.gz
Callithrix,jacchus,,,,Marmoset,,,Ensembl92,9483,ftp://ftp.ensembl.org/pub/release-92/fasta/callithrix_jacchus/pep/Callithrix_jacchus.ASM275486v1.pep.all.fa.gz
Canis,lupus,familiaris,,,Dog,,,Ensembl92,9615,ftp://ftp.ensembl.org/pub/release-92/fasta/canis_familiaris/pep/Canis_familiaris.CanFam3.1.pep.all.fa.gz
Capra,hircus,,,,Goat,,,Ensembl92,9925,ftp://ftp.ensembl.org/pub/release-92/fasta/capra_hircus/pep/Capra_hircus.ARS1.pep.all.fa.gz
Carlito,syrichta,,,,Tarsier,,,Ensembl92,1868482,ftp://ftp.ensembl.org/pub/release-92/fasta/carlito_syrichta/pep/Carlito_syrichta.Tarsius_syrichta-2.0.1.pep.all.fa.gz
Cavia,aperea,,,,Brazilian guinea pig,,,Ensembl92,37548,ftp://ftp.ensembl.org/pub/release-92/fasta/cavia_aperea/pep/Cavia_aperea.CavAp1.0.pep.all.fa.gz
Cavia,porcellus,,,,Guinea Pig,,,Ensembl92,10141,ftp://ftp.ensembl.org/pub/release-92/fasta/cavia_porcellus/pep/Cavia_porcellus.Cavpor3.0.pep.all.fa.gz
Cebus,capucinus,imitator,,,Capuchin,,,Ensembl92,1737458,ftp://ftp.ensembl.org/pub/release-92/fasta/cebus_capucinus/pep/Cebus_capucinus.Cebus_imitator-1.0.pep.all.fa.gz
Cercocebus,atys,,,,Sooty mangabey,,,Ensembl92,9531,ftp://ftp.ensembl.org/pub/release-92/fasta/cercocebus_atys/pep/Cercocebus_atys.Caty_1.0.pep.all.fa.gz
Chinchilla,lanigera,,,,Long-tailed chinchilla,,,Ensembl92,34839,ftp://ftp.ensembl.org/pub/release-92/fasta/chinchilla_lanigera/pep/Chinchilla_lanigera.ChiLan1.0.pep.all.fa.gz
Chlorocebus,sabaeus,,,,Vervet-AGM,,,Ensembl92,60711,ftp://ftp.ensembl.org/pub/release-92/fasta/chlorocebus_sabaeus/pep/Chlorocebus_sabaeus.ChlSab1.1.pep.all.fa.gz
Choloepus,hoffmanni,,,,Sloth,,,Ensembl92,9358,ftp://ftp.ensembl.org/pub/release-92/fasta/choloepus_hoffmanni/pep/Choloepus_hoffmanni.choHof1.pep.all.fa.gz
Ciona,intestinalis,,,,C.intestinalis,,,Ensembl92,7719,ftp://ftp.ensembl.org/pub/release-92/fasta/ciona_intestinalis/pep/Ciona_intestinalis.KH.pep.all.fa.gz
Ciona,savignyi,,,,C.savignyi,,,Ensembl92,51511,ftp://ftp.ensembl.org/pub/release-92/fasta/ciona_savignyi/pep/Ciona_savignyi.CSAV2.0.pep.all.fa.gz
Colobus,angolensis,palliatus,,,Angola colobus,,,Ensembl92,336983,ftp://ftp.ensembl.org/pub/release-92/fasta/colobus_angolensis_palliatus/pep/Colobus_angolensis_palliatus.Cang.pa_1.0.pep.all.fa.gz
Cricetulus,griseus,,,,Chinese hamster CriGri,,,Ensembl92,10029,ftp://ftp.ensembl.org/pub/release-92/fasta/cricetulus_griseus_crigri/pep/Cricetulus_griseus_crigri.CriGri_1.0.pep.all.fa.gz
Danio,rerio,,,,Zebrafish,,,Ensembl92,7955,ftp://ftp.ensembl.org/pub/release-92/fasta/danio_rerio/pep/Danio_rerio.GRCz11.pep.all.fa.gz
Dasypus,novemcinctus,,,,Armadillo,,,Ensembl92,9361,ftp://ftp.ensembl.org/pub/release-92/fasta/dasypus_novemcinctus/pep/Dasypus_novemcinctus.Dasnov3.0.pep.all.fa.gz
Dipodomys,ordii,,,,Kangaroo rat,,,Ensembl92,10020,ftp://ftp.ensembl.org/pub/release-92/fasta/dipodomys_ordii/pep/Dipodomys_ordii.Dord_2.0.pep.all.fa.gz
Echinops,telfairi,,,,Lesser hedgehog tenrec,,,Ensembl92,9371,ftp://ftp.ensembl.org/pub/release-92/fasta/echinops_telfairi/pep/Echinops_telfairi.TENREC.pep.all.fa.gz
Equus,caballus,,,,Horse,,,Ensembl92,9796,ftp://ftp.ensembl.org/pub/release-92/fasta/equus_caballus/pep/Equus_caballus.EquCab2.pep.all.fa.gz
Erinaceus,europaeus,,,,Hedgehog,,,Ensembl92,9365,ftp://ftp.ensembl.org/pub/release-92/fasta/erinaceus_europaeus/pep/Erinaceus_europaeus.HEDGEHOG.pep.all.fa.gz
Felis,catus,,,,Cat,,,Ensembl92,9685,ftp://ftp.ensembl.org/pub/release-92/fasta/felis_catus/pep/Felis_catus.Felis_catus_8.0.pep.all.fa.gz
Ficedula,albicollis,,,,Flycatcher,,,Ensembl92,59894,ftp://ftp.ensembl.org/pub/release-92/fasta/ficedula_albicollis/pep/Ficedula_albicollis.FicAlb_1.4.pep.all.fa.gz
Fukomys,damarensis,,,,Damara mole rat,,,Ensembl92,885580,ftp://ftp.ensembl.org/pub/release-92/fasta/fukomys_damarensis/pep/Fukomys_damarensis.DMR_v1.0.pep.all.fa.gz
Gadus,morhua,,,,Cod,,,Ensembl92,8049,ftp://ftp.ensembl.org/pub/release-92/fasta/gadus_morhua/pep/Gadus_morhua.gadMor1.pep.all.fa.gz
Gallus,gallus,,,,Chicken,,,Ensembl92,9031,ftp://ftp.ensembl.org/pub/release-92/fasta/gallus_gallus/pep/Gallus_gallus.Gallus_gallus-5.0.pep.all.fa.gz
Gasterosteus,aculeatus,,,,Stickleback,,,Ensembl92,69293,ftp://ftp.ensembl.org/pub/release-92/fasta/gasterosteus_aculeatus/pep/Gasterosteus_aculeatus.BROADS1.pep.all.fa.gz
Gorilla,gorilla,gorilla,,,Gorilla,,,Ensembl92,9595,ftp://ftp.ensembl.org/pub/release-92/fasta/gorilla_gorilla/pep/Gorilla_gorilla.gorGor4.pep.all.fa.gz
Heterocephalus,glaber,,,,Naked mole-rat female,,,Ensembl92,10181,ftp://ftp.ensembl.org/pub/release-92/fasta/heterocephalus_glaber_female/pep/Heterocephalus_glaber_female.HetGla_female_1.0.pep.all.fa.gz
Homo,sapiens,,,,Human,,,Ensembl92,9606,ftp://ftp.ensembl.org/pub/release-92/fasta/homo_sapiens/pep/Homo_sapiens.GRCh38.pep.all.fa.gz
Ictidomys,tridecemlineatus,,,,Squirrel,,,Ensembl92,43179,ftp://ftp.ensembl.org/pub/release-92/fasta/ictidomys_tridecemlineatus/pep/Ictidomys_tridecemlineatus.SpeTri2.0.pep.all.fa.gz
Jaculus,jaculus,,,,Lesser Egyptian jerboa,,,Ensembl92,51337,ftp://ftp.ensembl.org/pub/release-92/fasta/jaculus_jaculus/pep/Jaculus_jaculus.JacJac1.0.pep.all.fa.gz
Latimeria,chalumnae,,,,Coelacanth,,,Ensembl92,7897,ftp://ftp.ensembl.org/pub/release-92/fasta/latimeria_chalumnae/pep/Latimeria_chalumnae.LatCha1.pep.all.fa.gz
Lepisosteus,oculatus,,,,Spotted gar,,,Ensembl92,7918,ftp://ftp.ensembl.org/pub/release-92/fasta/lepisosteus_oculatus/pep/Lepisosteus_oculatus.LepOcu1.pep.all.fa.gz
Loxodonta,africana,,,,Elephant,,,Ensembl92,9785,ftp://ftp.ensembl.org/pub/release-92/fasta/loxodonta_africana/pep/Loxodonta_africana.loxAfr3.pep.all.fa.gz
Macaca,fascicularis,,,,Crab-eating macaque,,,Ensembl92,9541,ftp://ftp.ensembl.org/pub/release-92/fasta/macaca_fascicularis/pep/Macaca_fascicularis.Macaca_fascicularis_5.0.pep.all.fa.gz
Macaca,mulatta,,,,Macaque,,,Ensembl92,9544,ftp://ftp.ensembl.org/pub/release-92/fasta/macaca_mulatta/pep/Macaca_mulatta.Mmul_8.0.1.pep.all.fa.gz
Macaca,nemestrina,,,,Pig-tailed macaque,,,Ensembl92,9545,ftp://ftp.ensembl.org/pub/release-92/fasta/macaca_nemestrina/pep/Macaca_nemestrina.Mnem_1.0.pep.all.fa.gz
Mandrillus,leucophaeus,,,,Drill,,,Ensembl92,9568,ftp://ftp.ensembl.org/pub/release-92/fasta/mandrillus_leucophaeus/pep/Mandrillus_leucophaeus.Mleu.le_1.0.pep.all.fa.gz
Meleagris,gallopavo,,,,Turkey,,,Ensembl92,9103,ftp://ftp.ensembl.org/pub/release-92/fasta/meleagris_gallopavo/pep/Meleagris_gallopavo.UMD2.pep.all.fa.gz
Mesocricetus,auratus,,,,Golden Hamster,,,Ensembl92,10036,ftp://ftp.ensembl.org/pub/release-92/fasta/mesocricetus_auratus/pep/Mesocricetus_auratus.MesAur1.0.pep.all.fa.gz
Microcebus,murinus,,,,Mouse Lemur,,,Ensembl92,30608,ftp://ftp.ensembl.org/pub/release-92/fasta/microcebus_murinus/pep/Microcebus_murinus.Mmur_3.0.pep.all.fa.gz
Microtus,ochrogaster,,,,Prairie vole,,,Ensembl92,79684,ftp://ftp.ensembl.org/pub/release-92/fasta/microtus_ochrogaster/pep/Microtus_ochrogaster.MicOch1.0.pep.all.fa.gz
Monodelphis,domestica,,,,Opossum,,,Ensembl92,13616,ftp://ftp.ensembl.org/pub/release-92/fasta/monodelphis_domestica/pep/Monodelphis_domestica.monDom5.pep.all.fa.gz
Mus,caroli,,,,Ryukyu mouse,,,Ensembl92,10089,ftp://ftp.ensembl.org/pub/release-92/fasta/mus_caroli/pep/Mus_caroli.CAROLI_EIJ_v1.1.pep.all.fa.gz
Mus,musculus,,,,Mouse,,,Ensembl92,10090,ftp://ftp.ensembl.org/pub/release-92/fasta/mus_musculus/pep/Mus_musculus.GRCm38.pep.all.fa.gz
Mus,pahari,,,,Shrew mouse,,,Ensembl92,10093,ftp://ftp.ensembl.org/pub/release-92/fasta/mus_pahari/pep/Mus_pahari.PAHARI_EIJ_v1.1.pep.all.fa.gz
Mus,spretus,,,,Algerian mouse,,,Ensembl92,10096,ftp://ftp.ensembl.org/pub/release-92/fasta/mus_spretus/pep/Mus_spretus.SPRET_EiJ_v1.pep.all.fa.gz
Mustela,putorius,furo,,,Ferret,,,Ensembl92,9669,ftp://ftp.ensembl.org/pub/release-92/fasta/mustela_putorius_furo/pep/Mustela_putorius_furo.MusPutFur1.0.pep.all.fa.gz
Myotis,lucifugus,,,,Microbat,,,Ensembl92,59463,ftp://ftp.ensembl.org/pub/release-92/fasta/myotis_lucifugus/pep/Myotis_lucifugus.Myoluc2.0.pep.all.fa.gz
Nannospalax,galili,,,,Upper Galilee mountains blind mole rat,,,Ensembl92,1026970,ftp://ftp.ensembl.org/pub/release-92/fasta/nannospalax_galili/pep/Nannospalax_galili.S.galili_v1.0.pep.all.fa.gz
Nomascus,leucogenys,,,,Gibbon,,,Ensembl92,61853,ftp://ftp.ensembl.org/pub/release-92/fasta/nomascus_leucogenys/pep/Nomascus_leucogenys.Nleu_3.0.pep.all.fa.gz
Notamacropus,eugenii,,,,Wallaby,,,Ensembl92,9315,ftp://ftp.ensembl.org/pub/release-92/fasta/notamacropus_eugenii/pep/Notamacropus_eugenii.Meug_1.0.pep.all.fa.gz
Ochotona,princeps,,,,Pika,,,Ensembl92,9978,ftp://ftp.ensembl.org/pub/release-92/fasta/ochotona_princeps/pep/Ochotona_princeps.OchPri2.0-Ens.pep.all.fa.gz
Octodon,degus,,,,Degu,,,Ensembl92,10160,ftp://ftp.ensembl.org/pub/release-92/fasta/octodon_degus/pep/Octodon_degus.OctDeg1.0.pep.all.fa.gz
Oreochromis,niloticus,,,,Tilapia,,,Ensembl92,8128,ftp://ftp.ensembl.org/pub/release-92/fasta/oreochromis_niloticus/pep/Oreochromis_niloticus.Orenil1.0.pep.all.fa.gz
Ornithorhynchus,anatinus,,,,Platypus,,,Ensembl92,9258,ftp://ftp.ensembl.org/pub/release-92/fasta/ornithorhynchus_anatinus/pep/Ornithorhynchus_anatinus.OANA5.pep.all.fa.gz
Oryctolagus,cuniculus,,,,Rabbit,,,Ensembl92,9986,ftp://ftp.ensembl.org/pub/release-92/fasta/oryctolagus_cuniculus/pep/Oryctolagus_cuniculus.OryCun2.0.pep.all.fa.gz
Oryzias,latipes,,,,Medaka,,,Ensembl92,8090,ftp://ftp.ensembl.org/pub/release-92/fasta/oryzias_latipes/pep/Oryzias_latipes.MEDAKA1.pep.all.fa.gz
Otolemur,garnettii,,,,Bushbaby,,,Ensembl92,30611,ftp://ftp.ensembl.org/pub/release-92/fasta/otolemur_garnettii/pep/Otolemur_garnettii.OtoGar3.pep.all.fa.gz
Ovis,aries,,,,Sheep,,,Ensembl92,9940,ftp://ftp.ensembl.org/pub/release-92/fasta/ovis_aries/pep/Ovis_aries.Oar_v3.1.pep.all.fa.gz
Pan,paniscus,,,,Bonobo,,,Ensembl92,9597,ftp://ftp.ensembl.org/pub/release-92/fasta/pan_paniscus/pep/Pan_paniscus.panpan1.1.pep.all.fa.gz
Pan,troglodytes,,,,Chimpanzee,,,Ensembl92,9598,ftp://ftp.ensembl.org/pub/release-92/fasta/pan_troglodytes/pep/Pan_troglodytes.Pan_tro_3.0.pep.all.fa.gz
Papio,anubis,,,,Olive baboon,,,Ensembl92,9555,ftp://ftp.ensembl.org/pub/release-92/fasta/papio_anubis/pep/Papio_anubis.Panu_3.0.pep.all.fa.gz
Pelodiscus,sinensis,,,,Chinese softshell turtle,,,Ensembl92,13735,ftp://ftp.ensembl.org/pub/release-92/fasta/pelodiscus_sinensis/pep/Pelodiscus_sinensis.PelSin_1.0.pep.all.fa.gz
Peromyscus,maniculatus,bairdii,,,Northern American deer mouse,,,Ensembl92,230844,ftp://ftp.ensembl.org/pub/release-92/fasta/peromyscus_maniculatus_bairdii/pep/Peromyscus_maniculatus_bairdii.Pman_1.0.pep.all.fa.gz
Petromyzon,marinus,,,,Lamprey,,,Ensembl92,7757,ftp://ftp.ensembl.org/pub/release-92/fasta/petromyzon_marinus/pep/Petromyzon_marinus.Pmarinus_7.0.pep.all.fa.gz
Poecilia,formosa,,,,Amazon molly,,,Ensembl92,48698,ftp://ftp.ensembl.org/pub/release-92/fasta/poecilia_formosa/pep/Poecilia_formosa.PoeFor_5.1.2.pep.all.fa.gz
Pongo,abelii,,,,Orangutan,,,Ensembl92,9601,ftp://ftp.ensembl.org/pub/release-92/fasta/pongo_abelii/pep/Pongo_abelii.PPYG2.pep.all.fa.gz
Procavia,capensis,,,,Hyrax,,,Ensembl92,9813,ftp://ftp.ensembl.org/pub/release-92/fasta/procavia_capensis/pep/Procavia_capensis.proCap1.pep.all.fa.gz
Propithecus,coquereli,,,,Coquerel's sifaka,,,Ensembl92,379532,ftp://ftp.ensembl.org/pub/release-92/fasta/propithecus_coquereli/pep/Propithecus_coquereli.Pcoq_1.0.pep.all.fa.gz
Pteropus,vampyrus,,,,Megabat,,,Ensembl92,132908,ftp://ftp.ensembl.org/pub/release-92/fasta/pteropus_vampyrus/pep/Pteropus_vampyrus.pteVam1.pep.all.fa.gz
Rattus,norvegicus,,,,Rat,,,Ensembl92,10116,ftp://ftp.ensembl.org/pub/release-92/fasta/rattus_norvegicus/pep/Rattus_norvegicus.Rnor_6.0.pep.all.fa.gz
Rhinopithecus,bieti,,,,Black snub-nosed monkey,,,Ensembl92,61621,ftp://ftp.ensembl.org/pub/release-92/fasta/rhinopithecus_bieti/pep/Rhinopithecus_bieti.ASM169854v1.pep.all.fa.gz
Rhinopithecus,roxellana,,,,Golden snub-nosed monkey,,,Ensembl92,61622,ftp://ftp.ensembl.org/pub/release-92/fasta/rhinopithecus_roxellana/pep/Rhinopithecus_roxellana.Rrox_v1.pep.all.fa.gz
Saccharomyces,cerevisiae,,,,Saccharomyces cerevisiae,,,Ensembl92,4932,ftp://ftp.ensembl.org/pub/release-92/fasta/saccharomyces_cerevisiae/pep/Saccharomyces_cerevisiae.R64-1-1.pep.all.fa.gz
Saimiri,boliviensis,boliviensis,,,Bolivian squirrel monkey,,,Ensembl92,39432,ftp://ftp.ensembl.org/pub/release-92/fasta/saimiri_boliviensis_boliviensis/pep/Saimiri_boliviensis_boliviensis.SaiBol1.0.pep.all.fa.gz
Sarcophilus,harrisii,,,,Tasmanian devil,,,Ensembl92,9305,ftp://ftp.ensembl.org/pub/release-92/fasta/sarcophilus_harrisii/pep/Sarcophilus_harrisii.DEVIL7.0.pep.all.fa.gz
Sorex,araneus,,,,Shrew,,,Ensembl92,42254,ftp://ftp.ensembl.org/pub/release-92/fasta/sorex_araneus/pep/Sorex_araneus.COMMON_SHREW1.pep.all.fa.gz
Sus,scrofa,,,,Pig,,,Ensembl92,9823,ftp://ftp.ensembl.org/pub/release-92/fasta/sus_scrofa/pep/Sus_scrofa.Sscrofa11.1.pep.all.fa.gz
Taeniopygia,guttata,,,,Zebra Finch,,,Ensembl92,59729,ftp://ftp.ensembl.org/pub/release-92/fasta/taeniopygia_guttata/pep/Taeniopygia_guttata.taeGut3.2.4.pep.all.fa.gz
Takifugu,rubripes,,,,Fugu,,,Ensembl92,31033,ftp://ftp.ensembl.org/pub/release-92/fasta/takifugu_rubripes/pep/Takifugu_rubripes.FUGU4.pep.all.fa.gz
Tetraodon,nigroviridis,,,,Tetraodon,,,Ensembl92,99883,ftp://ftp.ensembl.org/pub/release-92/fasta/tetraodon_nigroviridis/pep/Tetraodon_nigroviridis.TETRAODON8.pep.all.fa.gz
Tupaia,belangeri,,,,Tree Shrew,,,Ensembl92,37347,ftp://ftp.ensembl.org/pub/release-92/fasta/tupaia_belangeri/pep/Tupaia_belangeri.TREESHREW.pep.all.fa.gz
Tursiops,truncatus,,,,Dolphin,,,Ensembl92,9739,ftp://ftp.ensembl.org/pub/release-92/fasta/tursiops_truncatus/pep/Tursiops_truncatus.turTru1.pep.all.fa.gz
Vicugna,pacos,,,,Alpaca,,,Ensembl92,30538,ftp://ftp.ensembl.org/pub/release-92/fasta/vicugna_pacos/pep/Vicugna_pacos.vicPac1.pep.all.fa.gz
Xenopus,tropicalis,,,,Xenopus,,,Ensembl92,8364,ftp://ftp.ensembl.org/pub/release-92/fasta/xenopus_tropicalis/pep/Xenopus_tropicalis.JGI_4.2.pep.all.fa.gz
Xiphophorus,maculatus,,,,Platyfish,,,Ensembl92,8083,ftp://ftp.ensembl.org/pub/release-92/fasta/xiphophorus_maculatus/pep/Xiphophorus_maculatus.Xipmac4.4.2.pep.all.fa.gz
Acyrthosiphon,pisum,,,,,,Acyr_2.0,EnsemblMetazoa,7029,ftp://ftp.ensemblgenomes.org/pub/release-38/metazoa/fasta/acyrthosiphon_pisum/pep/Acyrthosiphon_pisum.Acyr_2.0.pep.all.fa.gz
Adineta,vaga,,,,,,AMS_PRJEB1171_v1,EnsemblMetazoa,104782,ftp://ftp.ensemblgenomes.org/pub/release-38/metazoa/fasta/adineta_vaga/pep/Adineta_vaga.AMS_PRJEB1171_v1.pep.all.fa.gz
Aedes,aegypti,,,,,,AaegL3,EnsemblMetazoa,7159,ftp://ftp.ensemblgenomes.org/pub/release-38/metazoa/fasta/aedes_aegypti/pep/Aedes_aegypti.AaegL3.pep.all.fa.gz
Amphimedon,queenslandica,,,,,,Aqu1,EnsemblMetazoa,400682,ftp://ftp.ensemblgenomes.org/pub/release-38/metazoa/fasta/amphimedon_queenslandica/pep/Amphimedon_queenslandica.Aqu1.pep.all.fa.gz
Anopheles,darlingi,,,,,,AdarC3,EnsemblMetazoa,43151,ftp://ftp.ensemblgenomes.org/pub/release-38/metazoa/fasta/anopheles_darlingi/pep/Anopheles_darlingi.AdarC3.pep.all.fa.gz
Anopheles,gambiae,,,,,,AgamP4,EnsemblMetazoa,7165,ftp://ftp.ensemblgenomes.org/pub/release-38/metazoa/fasta/anopheles_gambiae/pep/Anopheles_gambiae.AgamP4.pep.all.fa.gz
Anoplophora,glabripennis,,,,,,Agla_1.0,EnsemblMetazoa,217634,ftp://ftp.ensemblgenomes.org/pub/release-38/metazoa/fasta/anoplophora_glabripennis/pep/Anoplophora_glabripennis.Agla_1.0.pep.all.fa.gz
Apis,mellifera,,,,,,Amel_4.5,EnsemblMetazoa,7460,ftp://ftp.ensemblgenomes.org/pub/release-38/metazoa/fasta/apis_mellifera/pep/Apis_mellifera.Amel_4.5.pep.all.fa.gz
Atta,cephalotes,,,,,,Attacep1.0,EnsemblMetazoa,12957,ftp://ftp.ensemblgenomes.org/pub/release-38/metazoa/fasta/atta_cephalotes/pep/Atta_cephalotes.Attacep1.0.pep.all.fa.gz
Belgica,antarctica,,,,,,ASM77530v1,EnsemblMetazoa,315563,ftp://ftp.ensemblgenomes.org/pub/release-38/metazoa/fasta/belgica_antarctica/pep/Belgica_antarctica.ASM77530v1.pep.all.fa.gz
Bombus,impatiens,,,,,,BIMP_2.0,EnsemblMetazoa,132113,ftp://ftp.ensemblgenomes.org/pub/release-38/metazoa/fasta/bombus_impatiens/pep/Bombus_impatiens.BIMP_2.0.pep.all.fa.gz
Bombus,terrestris,,,,,,Bter_1.0,EnsemblMetazoa,30195,ftp://ftp.ensemblgenomes.org/pub/release-38/metazoa/fasta/bombus_terrestris/pep/Bombus_terrestris.Bter_1.0.pep.all.fa.gz
Bombyx,mori,,,,,,ASM15162v1,EnsemblMetazoa,7091,ftp://ftp.ensemblgenomes.org/pub/release-38/metazoa/fasta/bombyx_mori/pep/Bombyx_mori.ASM15162v1.pep.all.fa.gz
Brugia,malayi,,,,,,Bmal-4.0,EnsemblMetazoa,6279,ftp://ftp.ensemblgenomes.org/pub/release-38/metazoa/fasta/brugia_malayi/pep/Brugia_malayi.Bmal-4.0.pep.all.fa.gz
Caenorhabditis,brenneri,,,,,,C_brenneri-6.0.1b,EnsemblMetazoa,135651,ftp://ftp.ensemblgenomes.org/pub/release-38/metazoa/fasta/caenorhabditis_brenneri/pep/Caenorhabditis_brenneri.C_brenneri-6.0.1b.pep.all.fa.gz
Caenorhabditis,briggsae,,,,,,CB4,EnsemblMetazoa,6238,ftp://ftp.ensemblgenomes.org/pub/release-38/metazoa/fasta/caenorhabditis_briggsae/pep/Caenorhabditis_briggsae.CB4.pep.all.fa.gz
Caenorhabditis,japonica,,,,,,C_japonica-7.0.1,EnsemblMetazoa,281687,ftp://ftp.ensemblgenomes.org/pub/release-38/metazoa/fasta/caenorhabditis_japonica/pep/Caenorhabditis_japonica.C_japonica-7.0.1.pep.all.fa.gz
Caenorhabditis,remanei,,,,,,C_remanei-15.0.1,EnsemblMetazoa,31234,ftp://ftp.ensemblgenomes.org/pub/release-38/metazoa/fasta/caenorhabditis_remanei/pep/Caenorhabditis_remanei.C_remanei-15.0.1.pep.all.fa.gz
Capitella,teleta,,,,,,Capitella teleta v1.0,EnsemblMetazoa,283909,ftp://ftp.ensemblgenomes.org/pub/release-38/metazoa/fasta/capitella_teleta/pep/Capitella_teleta.Capitella_teleta_v1.0.pep.all.fa.gz
Crassostrea,gigas,,,,,,oyster_v9,EnsemblMetazoa,29159,ftp://ftp.ensemblgenomes.org/pub/release-38/metazoa/fasta/crassostrea_gigas/pep/Crassostrea_gigas.oyster_v9.pep.all.fa.gz
Culex,quinquefasciatus,,,,,,CpipJ2,EnsemblMetazoa,7176,ftp://ftp.ensemblgenomes.org/pub/release-38/metazoa/fasta/culex_quinquefasciatus/pep/Culex_quinquefasciatus.CpipJ2.pep.all.fa.gz
Danaus,plexippus,,,,,,Dpv3,EnsemblMetazoa,13037,ftp://ftp.ensemblgenomes.org/pub/release-38/metazoa/fasta/danaus_plexippus/pep/Danaus_plexippus.Dpv3.pep.all.fa.gz
Daphnia,pulex,,,,,,V1.0,EnsemblMetazoa,6669,ftp://ftp.ensemblgenomes.org/pub/release-38/metazoa/fasta/daphnia_pulex/pep/Daphnia_pulex.V1.0.pep.all.fa.gz
Dendroctonus,ponderosae,,,,,,DendPond_male_1.0,EnsemblMetazoa,77166,ftp://ftp.ensemblgenomes.org/pub/release-38/metazoa/fasta/dendroctonus_ponderosae/pep/Dendroctonus_ponderosae.DendPond_male_1.0.pep.all.fa.gz
Drosophila,ananassae,,,,,,dana_caf1,EnsemblMetazoa,7217,ftp://ftp.ensemblgenomes.org/pub/release-38/metazoa/fasta/drosophila_ananassae/pep/Drosophila_ananassae.dana_caf1.pep.all.fa.gz
Drosophila,erecta,,,,,,dere_caf1,EnsemblMetazoa,7220,ftp://ftp.ensemblgenomes.org/pub/release-38/metazoa/fasta/drosophila_erecta/pep/Drosophila_erecta.dere_caf1.pep.all.fa.gz
Drosophila,grimshawi,,,,,,dgri_caf1,EnsemblMetazoa,7222,ftp://ftp.ensemblgenomes.org/pub/release-38/metazoa/fasta/drosophila_grimshawi/pep/Drosophila_grimshawi.dgri_caf1.pep.all.fa.gz
Drosophila,melanogaster,,,,,,BDGP6,EnsemblMetazoa,7227,ftp://ftp.ensemblgenomes.org/pub/release-38/metazoa/fasta/drosophila_melanogaster/pep/Drosophila_melanogaster.BDGP6.pep.all.fa.gz
Drosophila,mojavensis,,,,,,dmoj_caf1,EnsemblMetazoa,7230,ftp://ftp.ensemblgenomes.org/pub/release-38/metazoa/fasta/drosophila_mojavensis/pep/Drosophila_mojavensis.dmoj_caf1.pep.all.fa.gz
Drosophila,persimilis,,,,,,dper_caf1,EnsemblMetazoa,7234,ftp://ftp.ensemblgenomes.org/pub/release-38/metazoa/fasta/drosophila_persimilis/pep/Drosophila_persimilis.dper_caf1.pep.all.fa.gz
Drosophila,pseudoobscura,,,,,,Dpse_3.0,EnsemblMetazoa,46245,ftp://ftp.ensemblgenomes.org/pub/release-38/metazoa/fasta/drosophila_pseudoobscura/pep/Drosophila_pseudoobscura.Dpse_3.0.pep.all.fa.gz
Drosophila,sechellia,,,,,,dsec_caf1,EnsemblMetazoa,7238,ftp://ftp.ensemblgenomes.org/pub/release-38/metazoa/fasta/drosophila_sechellia/pep/Drosophila_sechellia.dsec_caf1.pep.all.fa.gz
Drosophila,simulans,,,,,,ASM75419v3,EnsemblMetazoa,7240,ftp://ftp.ensemblgenomes.org/pub/release-38/metazoa/fasta/drosophila_simulans/pep/Drosophila_simulans.ASM75419v3.pep.all.fa.gz
Drosophila,virilis,,,,,,dvir_caf1,EnsemblMetazoa,7244,ftp://ftp.ensemblgenomes.org/pub/release-38/metazoa/fasta/drosophila_virilis/pep/Drosophila_virilis.dvir_caf1.pep.all.fa.gz
Drosophila,willistoni,,,,,,dwil_caf1,EnsemblMetazoa,7260,ftp://ftp.ensemblgenomes.org/pub/release-38/metazoa/fasta/drosophila_willistoni/pep/Drosophila_willistoni.dwil_caf1.pep.all.fa.gz
Drosophila,yakuba,,,,,,dyak_caf1,EnsemblMetazoa,7245,ftp://ftp.ensemblgenomes.org/pub/release-38/metazoa/fasta/drosophila_yakuba/pep/Drosophila_yakuba.dyak_caf1.pep.all.fa.gz
Heliconius,melpomene,,,,,,Hmel1,EnsemblMetazoa,34740,ftp://ftp.ensemblgenomes.org/pub/release-38/metazoa/fasta/heliconius_melpomene/pep/Heliconius_melpomene.Hmel1.pep.all.fa.gz
Helobdella,robusta,,,,,,Helro1,EnsemblMetazoa,6412,ftp://ftp.ensemblgenomes.org/pub/release-38/metazoa/fasta/helobdella_robusta/pep/Helobdella_robusta.Helro1.pep.all.fa.gz
Ixodes,scapularis,,,,,,IscaW1,EnsemblMetazoa,6945,ftp://ftp.ensemblgenomes.org/pub/release-38/metazoa/fasta/ixodes_scapularis/pep/Ixodes_scapularis.IscaW1.pep.all.fa.gz
Lepeophtheirus,salmonis,,,,,,LSalAtl2s,EnsemblMetazoa,72036,ftp://ftp.ensemblgenomes.org/pub/release-38/metazoa/fasta/lepeophtheirus_salmonis/pep/Lepeophtheirus_salmonis.LSalAtl2s.pep.all.fa.gz
Lingula,anatina,,,,,,LinAna1.0,EnsemblMetazoa,7574,ftp://ftp.ensemblgenomes.org/pub/release-38/metazoa/fasta/lingula_anatina/pep/Lingula_anatina.LinAna1.0.pep.all.fa.gz
Loa,loa,,,,,,Loa_loa_V3,EnsemblMetazoa,7209,ftp://ftp.ensemblgenomes.org/pub/release-38/metazoa/fasta/loa_loa/pep/Loa_loa.Loa_loa_V3.pep.all.fa.gz
Lottia,gigantea,,,,,,Lotgi1,EnsemblMetazoa,225164,ftp://ftp.ensemblgenomes.org/pub/release-38/metazoa/fasta/lottia_gigantea/pep/Lottia_gigantea.Lotgi1.pep.all.fa.gz
Lucilia,cuprina,,,,,,ASM118794v1,EnsemblMetazoa,7375,ftp://ftp.ensemblgenomes.org/pub/release-38/metazoa/fasta/lucilia_cuprina/pep/Lucilia_cuprina.ASM118794v1.pep.all.fa.gz
Mayetiola,destructor,,,,,,Mdes_1.0,EnsemblMetazoa,39758,ftp://ftp.ensemblgenomes.org/pub/release-38/metazoa/fasta/mayetiola_destructor/pep/Mayetiola_destructor.Mdes_1.0.pep.all.fa.gz
Megaselia,scalaris,,,,,,Msca1,EnsemblMetazoa,36166,ftp://ftp.ensemblgenomes.org/pub/release-38/metazoa/fasta/megaselia_scalaris/pep/Megaselia_scalaris.Msca1.pep.all.fa.gz
Melitaea,cinxia,,,,,,MelCinx1.0,EnsemblMetazoa,113334,ftp://ftp.ensemblgenomes.org/pub/release-38/metazoa/fasta/melitaea_cinxia/pep/Melitaea_cinxia.MelCinx1.0.pep.all.fa.gz
Mnemiopsis,leidyi,,,,,,MneLei_Aug2011,EnsemblMetazoa,27923,ftp://ftp.ensemblgenomes.org/pub/release-38/metazoa/fasta/mnemiopsis_leidyi/pep/Mnemiopsis_leidyi.MneLei_Aug2011.pep.all.fa.gz
Nasonia,vitripennis,,,,,,Nvit_2.1,EnsemblMetazoa,7425,ftp://ftp.ensemblgenomes.org/pub/release-38/metazoa/fasta/nasonia_vitripennis/pep/Nasonia_vitripennis.Nvit_2.1.pep.all.fa.gz
Nematostella,vectensis,,,,,,ASM20922v1,EnsemblMetazoa,45351,ftp://ftp.ensemblgenomes.org/pub/release-38/metazoa/fasta/nematostella_vectensis/pep/Nematostella_vectensis.ASM20922v1.pep.all.fa.gz
Octopus,bimaculoides,,,,,,PRJNA270931,EnsemblMetazoa,37653,ftp://ftp.ensemblgenomes.org/pub/release-38/metazoa/fasta/octopus_bimaculoides/pep/Octopus_bimaculoides.PRJNA270931.pep.all.fa.gz
Onchocerca,volvulus,,,,,,ASM49940v2,EnsemblMetazoa,6282,ftp://ftp.ensemblgenomes.org/pub/release-38/metazoa/fasta/onchocerca_volvulus/pep/Onchocerca_volvulus.ASM49940v2.pep.all.fa.gz
Pediculus,humanus,,,,,,PhumU2,EnsemblMetazoa,121224,ftp://ftp.ensemblgenomes.org/pub/release-38/metazoa/fasta/pediculus_humanus/pep/Pediculus_humanus.PhumU2.pep.all.fa.gz
Pristionchus,pacificus,,,,,,P_pacificus-5.0,EnsemblMetazoa,54126,ftp://ftp.ensemblgenomes.org/pub/release-38/metazoa/fasta/pristionchus_pacificus/pep/Pristionchus_pacificus.P_pacificus-5.0.pep.all.fa.gz
Rhodnius,prolixus,,,,,,RproC3,EnsemblMetazoa,13249,ftp://ftp.ensemblgenomes.org/pub/release-38/metazoa/fasta/rhodnius_prolixus/pep/Rhodnius_prolixus.RproC3.pep.all.fa.gz
Sarcoptes,scabiei,,,,,,SscaA1,EnsemblMetazoa,52283,ftp://ftp.ensemblgenomes.org/pub/release-38/metazoa/fasta/sarcoptes_scabiei/pep/Sarcoptes_scabiei.SscaA1.pep.all.fa.gz
Schistosoma,mansoni,,,,,,ASM23792v2,EnsemblMetazoa,6183,ftp://ftp.ensemblgenomes.org/pub/release-38/metazoa/fasta/schistosoma_mansoni/pep/Schistosoma_mansoni.ASM23792v2.pep.all.fa.gz
Solenopsis,invicta,,,,,,Si_gnG,EnsemblMetazoa,13686,ftp://ftp.ensemblgenomes.org/pub/release-38/metazoa/fasta/solenopsis_invicta/pep/Solenopsis_invicta.Si_gnG.pep.all.fa.gz
Stegodyphus,mimosarum,,,,,,Stegodyphus_mimosarum_v1,EnsemblMetazoa,407821,ftp://ftp.ensemblgenomes.org/pub/release-38/metazoa/fasta/stegodyphus_mimosarum/pep/Stegodyphus_mimosarum.Stegodyphus_mimosarum_v1.pep.all.fa.gz
Strigamia,maritima,,,,,,Smar1,EnsemblMetazoa,126957,ftp://ftp.ensemblgenomes.org/pub/release-38/metazoa/fasta/strigamia_maritima/pep/Strigamia_maritima.Smar1.pep.all.fa.gz
Strongylocentrotus,purpuratus,,,,,,Spur_3.1,EnsemblMetazoa,7668,ftp://ftp.ensemblgenomes.org/pub/release-38/metazoa/fasta/strongylocentrotus_purpuratus/pep/Strongylocentrotus_purpuratus.Spur_3.1.pep.all.fa.gz
Strongyloides,ratti,,,,,,S_ratti_ED321_v5_0_4,EnsemblMetazoa,34506,ftp://ftp.ensemblgenomes.org/pub/release-38/metazoa/fasta/strongyloides_ratti/pep/Strongyloides_ratti.S_ratti_ED321_v5_0_4.pep.all.fa.gz
Tetranychus,urticae,,,,,,ASM23943v1,EnsemblMetazoa,32264,ftp://ftp.ensemblgenomes.org/pub/release-38/metazoa/fasta/tetranychus_urticae/pep/Tetranychus_urticae.ASM23943v1.pep.all.fa.gz
Thelohanellus,kitauei,,,,,,ASM82789v1,EnsemblMetazoa,669202,ftp://ftp.ensemblgenomes.org/pub/release-38/metazoa/fasta/thelohanellus_kitauei/pep/Thelohanellus_kitauei.ASM82789v1.pep.all.fa.gz
Tribolium,castaneum,,,,,,Tcas5.2,EnsemblMetazoa,7070,ftp://ftp.ensemblgenomes.org/pub/release-38/metazoa/fasta/tribolium_castaneum/pep/Tribolium_castaneum.Tcas5.2.pep.all.fa.gz
Trichinella,spiralis,,,,,,Tspiralis1,EnsemblMetazoa,6334,ftp://ftp.ensemblgenomes.org/pub/release-38/metazoa/fasta/trichinella_spiralis/pep/Trichinella_spiralis.Tspiralis1.pep.all.fa.gz
Trichoplax,adhaerens,,,,,,ASM15027v1,EnsemblMetazoa,10228,ftp://ftp.ensemblgenomes.org/pub/release-38/metazoa/fasta/trichoplax_adhaerens/pep/Trichoplax_adhaerens.ASM15027v1.pep.all.fa.gz
Zootermopsis,nevadensis,,,,,,ZooNev1.0,EnsemblMetazoa,136037,ftp://ftp.ensemblgenomes.org/pub/release-38/metazoa/fasta/zootermopsis_nevadensis/pep/Zootermopsis_nevadensis.ZooNev1.0.pep.all.fa.gz
